Index,URL,page_load_time,http_status_code,num_requests,page_size_bytes,Word_count,Read_time,title,description,og_title,og_description,Summary,Num Links,Num External links,Num Internal links,image_count,video_count,audio_count,h1,h2,h3,h4,h5,h6,div,p,style,emails,phones,socials,jsDelivr,Alpine.js,Vue.js,Cloudflare,External links,Internal links,PHP,jQuery Migrate,Nginx,WordPress,jQuery,MySQL,Clipboard.js,Google Font API,MediaWiki,Underscore.js,Google Tag Manager,Amazon Web Services,Amazon S3,Modernizr,AMP,HubSpot,Linkedin
0,https://www.mailerlite.com/email-marketing-by-industry/blogging,0.92868,200,102,196311,5538,"Mins: 23, Sec: 16",Email Marketing Guide for Blogging Success - MailerLite,Want to take blogging to the next-next level? This guide shows you how to use email to amp up your blog stats.,Email Marketing Guide for Blogging Success - MailerLite,Want to take blogging to the next-next level? This guide shows you how to use email to amp up your blog stats.,"Choosing an email marketing tool for your blogger campaignsWith so many email marketing tools on the market, how do you know which one to choose?
To-do ✅ Sign up for free with an email marketing toolHow to build a blogger email listNow that you’ve picked your favorite email marketing tool, let’s start with the basics.
When people subscribe to receive updates from our email marketing blog, they receive this welcome email, which immediately gets the conversation flowing.
The design of your blogger email campaign We love email marketing platforms because they make it so easy for you to send out a professional email campaign.
Set up email automation workflows The fun part about email marketing is that a lot of things can be automated with marketing automation features.",169,16,153,31,0,0,1,13,24,1,0,1,225,276,1,[],[],"{'facebook': 'https://www.facebook.com/profile.php?id=61557135009171', 'twitter': 'https://twitter.com/mailerlite', 'youtube': 'https://www.youtube.com/channel/UCRWH1lQlbnqCrrYTfacklIQ', 'linkedin': 'https://www.linkedin.com/company/mailerlite-international/', 'instagram': 'https://www.instagram.com/mailerliteofficial'}","{'versions': [], 'categories': ['CDN']}","{'versions': [], 'categories': ['JavaScript frameworks']}","{'versions': [], 'categories': ['JavaScript frameworks']}","{'versions': [], 'categories': ['CDN']}","['https://academy.mailerlite.com/', 'https://accounts.mailerlite.com', 'https://academy.mailerlite.com/', 'https://accounts.mailerlite.com', 'https://www.founderjar.com/best-blogging-platforms/', 'https://www.emailmonday.com/smart-email-marketing-segmentation-the-art-of/', 'https://coschedule.com/blog/annual-content-calendar-template/', 'https://developers.mailerlite.com/', 'https://status.mailerlite.com/', 'https://academy.mailerlite.com/', 'https://www.facebook.com/profile.php?id=61557135009171', 'https://twitter.com/mailerlite', 'https://www.youtube.com/channel/UCRWH1lQlbnqCrrYTfacklIQ', 'https://www.linkedin.com/company/mailerlite-international/', 'https://www.instagram.com/mailerliteofficial', 'https://apps.apple.com/us/app/mailerlite-manager-2/id1586139546']","['https://www.mailerlite.com/', 'https://www.mailerlite.com/features/email-marketing', 'https://www.mailerlite.com/features/automation', 'https://www.mailerlite.com/features/newsletter-editors', 'https://www.mailerlite.com/features/transactional-emails', 'https://www.mailerlite.com/features/website-builder', 'https://www.mailerlite.com/features/create-a-blog', 'https://www.mailerlite.com/features/landing-pages', 'https://www.mailerlite.com/features/signup-forms', 'https://www.mailerlite.com/features/ipad-app', 'https://www.mailerlite.com/features/email-verifier', 'https://www.mailerlite.com/features/sell-digital-products', 'https://www.mailerlite.com/features/email-marketing-for-ecommerce', 'https://www.mailerlite.com/features/paid-newsletter-subscriptions', 'https://www.mailerlite.com/pricing', 'https://www.mailerlite.com/newsletter-examples', 'https://www.mailerlite.com/landing-page-examples', 'https://www.mailerlite.com/automation-examples', 'https://www.mailerlite.com/automation-templates', 'https://www.mailerlite.com/templates', 'https://www.mailerlite.com/templates/newsletters', 'https://www.mailerlite.com/templates/websites', 'https://www.mailerlite.com/templates/landing-pages', 'https://www.mailerlite.com/templates/pop-ups', 'https://www.mailerlite.com/why-lite', 'https://www.mailerlite.com/help', 'https://www.mailerlite.com/video-tutorials', 'https://www.mailerlite.com/experts', 'https://www.mailerlite.com/blog', 'https://www.mailerlite.com/email-marketing-by-industry', 'https://www.mailerlite.com/ultimate-guide-to-email-marketing', 'https://www.mailerlite.com/case-studies', 'https://www.mailerlite.com/webinars', 'https://www.mailerlite.com/migration-resources', 'https://www.mailerlite.com/email-authentication-policy-changes', 'https://www.mailerlite.com/email-marketing-by-industry/blogging', 'https://www.mailerlite.com/es/email-marketing-by-industry/blogging', 'https://www.mailerlite.com/signup', 'https://www.mailerlite.com/email-marketing-by-industry/blogging', 'https://www.mailerlite.com/es/email-marketing-by-industry/blogging', 'https://www.mailerlite.com/features/email-marketing', 'https://www.mailerlite.com/features/automation', 'https://www.mailerlite.com/features/newsletter-editors', 'https://www.mailerlite.com/features/transactional-emails', 'https://www.mailerlite.com/features/website-builder', 'https://www.mailerlite.com/features/create-a-blog', 'https://www.mailerlite.com/features/landing-pages', 'https://www.mailerlite.com/features/signup-forms', 'https://www.mailerlite.com/features/ipad-app', 'https://www.mailerlite.com/features/email-verifier', 'https://www.mailerlite.com/features/sell-digital-products', 'https://www.mailerlite.com/features/email-marketing-for-ecommerce', 'https://www.mailerlite.com/features/paid-newsletter-subscriptions', 'https://www.mailerlite.com/pricing', 'https://www.mailerlite.com/newsletter-examples', 'https://www.mailerlite.com/landing-page-examples', 'https://www.mailerlite.com/automation-examples', 'https://www.mailerlite.com/automation-templates', 'https://www.mailerlite.com/templates', 'https://www.mailerlite.com/templates/newsletters', 'https://www.mailerlite.com/templates/websites', 'https://www.mailerlite.com/templates/landing-pages', 'https://www.mailerlite.com/templates/pop-ups', 'https://www.mailerlite.com/why-lite', 'https://www.mailerlite.com/help', 'https://www.mailerlite.com/video-tutorials', 'https://www.mailerlite.com/experts', 'https://www.mailerlite.com/blog', 'https://www.mailerlite.com/email-marketing-by-industry', 'https://www.mailerlite.com/ultimate-guide-to-email-marketing', 'https://www.mailerlite.com/case-studies', 'https://www.mailerlite.com/webinars', 'https://www.mailerlite.com/migration-resources', 'https://www.mailerlite.com/email-authentication-policy-changes', 'https://www.mailerlite.com/signup', 'https://www.mailerlite.com/email-marketing-by-industry', 'https://www.mailerlite.com/email-marketing-by-industry/blogging#email-marketing-benefits', 'https://www.mailerlite.com/email-marketing-by-industry/blogging#email-tool', 'https://www.mailerlite.com/email-marketing-by-industry/blogging#email-list-building', 'https://www.mailerlite.com/email-marketing-by-industry/blogging#getting-started', 'https://www.mailerlite.com/email-marketing-by-industry/blogging#first-campaign', 'https://www.mailerlite.com/email-marketing-by-industry/blogging#measuring-email-success', 'https://www.mailerlite.com/email-marketing-by-industry/blogging#blogger-newsletter-examples', 'https://www.mailerlite.com/email-marketing-by-industry/blogging#increasing-blog-traffic', 'https://www.mailerlite.com/email-marketing-by-industry/blogging#conclusion', 'https://www.mailerlite.com/features/drag-and-drop-editor', 'https://www.mailerlite.com/features/templates', 'https://www.mailerlite.com/features/website-builder', 'https://www.mailerlite.com/features/landing-pages', 'https://www.mailerlite.com/features/popups', 'https://www.mailerlite.com/features/personalization', 'https://www.mailerlite.com/features/automation', 'https://www.mailerlite.com/features/rss-to-email', 'https://www.mailerlite.com/signup', 'https://www.mailerlite.com/blog/ways-to-get-and-monetize-email-opt-ins-from-your-blog', 'https://www.mailerlite.com/integrations/facebook-audiences', 'https://www.mailerlite.com/integrations/wordpress', 'https://www.mailerlite.com/integrations/upscribe', 'https://www.mailerlite.com/ultimate-guide-to-email-marketing/social-media', 'https://www.mailerlite.com/ultimate-guide-to-email-marketing/social-media', 'https://www.mailerlite.com/landing-page-examples/ebook', 'https://www.mailerlite.com/ultimate-guide-to-email-marketing/email-list', 'https://www.mailerlite.com/ultimate-guide-to-email-marketing/email-list', 'https://www.mailerlite.com/help/how-to-use-double-opt-in-when-collecting-subscribers', 'https://www.mailerlite.com/ultimate-guide-to-email-marketing/automation', 'https://www.mailerlite.com/blog/best-welcome-email-examples', 'https://www.mailerlite.com/ultimate-guide-to-email-marketing/segmentation', 'https://www.mailerlite.com/ultimate-guide-to-email-marketing/segmentation', 'https://www.mailerlite.com/features/ab-testing', 'https://www.mailerlite.com/ultimate-guide-to-email-marketing/design', 'https://www.mailerlite.com/ultimate-guide-to-email-marketing/design', 'https://www.mailerlite.com/newsletter-examples/blog', 'https://www.mailerlite.com/ultimate-guide-to-email-marketing/content', 'https://www.mailerlite.com/ultimate-guide-to-email-marketing/content', 'https://www.mailerlite.com/features/rss-to-email', 'https://www.mailerlite.com/ultimate-guide-to-email-marketing/subject-line', 'https://www.mailerlite.com/ultimate-guide-to-email-marketing/subject-line', 'https://www.mailerlite.com/newsletter-examples', 'https://www.mailerlite.com/integrations/zapier', 'https://www.mailerlite.com/video-tutorials/survey-block', 'https://www.mailerlite.com/blog/what-are-automation-triggers-and-how-you-can-use-them', 'https://www.mailerlite.com/signup', 'https://www.mailerlite.com/email-marketing-by-industry', 'https://www.mailerlite.com/email-marketing-by-industry/internal-employees-newsletters', 'https://www.mailerlite.com/email-marketing-by-industry/event-organization', 'https://www.mailerlite.com/email-marketing-by-industry/nonprofit', 'https://www.mailerlite.com/features/email-marketing', 'https://www.mailerlite.com/features/automation', 'https://www.mailerlite.com/features/website-builder', 'https://www.mailerlite.com/integrations', 'https://www.mailerlite.com/compare', 'https://www.mailerlite.com/paid-newsletter-platform', 'https://www.mailerlite.com/whats-new', 'https://www.mailerlite.com/help', 'https://www.mailerlite.com/video-tutorials', 'https://www.mailerlite.com/experts', 'https://www.mailerlite.com/migration', 'https://www.mailerlite.com/support', 'https://www.mailerlite.com/report-abuse', 'https://www.mailerlite.com/about', 'https://www.mailerlite.com/why-lite', 'https://www.mailerlite.com/company-values', 'https://www.mailerlite.com/jobs', 'https://www.mailerlite.com/become-a-partner', 'https://www.mailerlite.com/contact-us', 'https://www.mailerlite.com/wall-of-love', 'https://www.mailerlite.com/newsroom', 'https://www.mailerlite.com/legal/privacy-policy', 'https://www.mailerlite.com/legal', 'https://www.mailerlite.com/legal/privacy-policy', 'javascript: CookieConsent.renew()', 'https://www.mailerlite.com/brand-assets', 'https://www.mailerlite.com/gdpr-compliance']",,,,,,,,,,,,,,,,,
1,https://seths.blog/page/2/,0.535446,200,66,137483,2136,"Mins: 8, Sec: 58",Seth's Blog,"Seth Godin's Blog on marketing, tribes and respect",Seth's Blog,"Seth Godin's Blog on marketing, tribes and respect","Doing it step by step I was surprised to discover that for many AI questions, if you add, “please figure this out step by step,” the AI will provide a dramatically more accurate and useful answer.
When it’s important, though, we often benefit by thinking step by step.
If your brand isn’t doing everything you hope, it might be because your organization isn’t doing the work that the brand could or should or might promise it does.
Bullies Bullies use intimidation and power to force others to act against their best interests.
Debbie has been reading this blog for decades, and she picked some of her favorite riffs, then hand-lettered each on an iPad.",67,42,25,2,0,0,0,17,1,0,0,0,110,84,10,[],[],"{'facebook': 'https://www.facebook.com/sharer/sharer.php?u=%url%&t=%title%', 'twitter': 'http://twitter.com/intent/tweet?text=The%20distribution%20of%20character+https://seths.blog/2024/07/the-distribution-of-character/', 'linkedin': 'http://www.linkedin.com/shareArticle?mini=true&url=https://seths.blog/2024/07/the-distribution-of-character/&title=The distribution of character&source=https://seths.blog'}",,,,,"['https://www.feedblitz.com/tos/', 'https://www.feedblitz.com/privacy/', 'https://altmba.com', 'https://www.sethgodin.com/#linkedin-learning', 'https://www.udemy.com/user/sethgodin/', 'https://www.akimbo.link/', 'https://seths.store', 'https://every.to/also-true-for-humans/7-22', 'http://www.facebook.com/sharer/sharer.php?u=https://seths.blog/2024/07/doing-it-step-by-step/&title=Doing it step by step', 'http://twitter.com/intent/tweet?text=Doing%20it%20step%20by%20step+https://seths.blog/2024/07/doing-it-step-by-step/', 'http://www.linkedin.com/shareArticle?mini=true&url=https://seths.blog/2024/07/doing-it-step-by-step/&title=Doing it step by step&source=https://seths.blog', 'http://www.facebook.com/sharer/sharer.php?u=https://seths.blog/2024/07/patterns-and-chaos/&title=Patterns and chaos', 'http://twitter.com/intent/tweet?text=Patterns%20and%20chaos+https://seths.blog/2024/07/patterns-and-chaos/', 'http://www.linkedin.com/shareArticle?mini=true&url=https://seths.blog/2024/07/patterns-and-chaos/&title=Patterns and chaos&source=https://seths.blog', 'http://www.facebook.com/sharer/sharer.php?u=https://seths.blog/2024/07/hungry-vs-not-full/&title=Hungry (vs. not full)', 'http://twitter.com/intent/tweet?text=Hungry%20%28vs.%20not%20full%29+https://seths.blog/2024/07/hungry-vs-not-full/', 'http://www.linkedin.com/shareArticle?mini=true&url=https://seths.blog/2024/07/hungry-vs-not-full/&title=Hungry (vs. not full)&source=https://seths.blog', 'http://www.facebook.com/sharer/sharer.php?u=https://seths.blog/2024/07/the-new-reality-of-old-media/&title=The new reality of old media', 'http://twitter.com/intent/tweet?text=The%20new%20reality%20of%20old%20media+https://seths.blog/2024/07/the-new-reality-of-old-media/', 'http://www.linkedin.com/shareArticle?mini=true&url=https://seths.blog/2024/07/the-new-reality-of-old-media/&title=The new reality of old media&source=https://seths.blog', 'http://www.facebook.com/sharer/sharer.php?u=https://seths.blog/2024/07/retreat/&title=Retreat!', 'http://twitter.com/intent/tweet?text=Retreat%21+https://seths.blog/2024/07/retreat/', 'http://www.linkedin.com/shareArticle?mini=true&url=https://seths.blog/2024/07/retreat/&title=Retreat!&source=https://seths.blog', 'http://www.facebook.com/sharer/sharer.php?u=https://seths.blog/2024/07/glib/&title=Glib', 'http://twitter.com/intent/tweet?text=Glib+https://seths.blog/2024/07/glib/', 'http://www.linkedin.com/shareArticle?mini=true&url=https://seths.blog/2024/07/glib/&title=Glib&source=https://seths.blog', 'http://www.facebook.com/sharer/sharer.php?u=https://seths.blog/2024/07/a-branding-exercise/&title=A branding exercise', 'http://twitter.com/intent/tweet?text=A%20branding%20exercise+https://seths.blog/2024/07/a-branding-exercise/', 'http://www.linkedin.com/shareArticle?mini=true&url=https://seths.blog/2024/07/a-branding-exercise/&title=A branding exercise&source=https://seths.blog', 'http://www.facebook.com/sharer/sharer.php?u=https://seths.blog/2024/07/bullies/&title=Bullies', 'http://twitter.com/intent/tweet?text=Bullies+https://seths.blog/2024/07/bullies/', 'http://www.linkedin.com/shareArticle?mini=true&url=https://seths.blog/2024/07/bullies/&title=Bullies&source=https://seths.blog', 'https://www.perplexity.ai/search/who-is-debbie-millman-8AOo7L6KQZSRKjQtV.g_7A#0', 'https://geni.us/ruckuscalendar', 'http://www.facebook.com/sharer/sharer.php?u=https://seths.blog/2024/07/the-page-a-day-calendar/&title=The page-a-day calendar', 'http://twitter.com/intent/tweet?text=The%20page-a-day%20calendar+https://seths.blog/2024/07/the-page-a-day-calendar/', 'http://www.linkedin.com/shareArticle?mini=true&url=https://seths.blog/2024/07/the-page-a-day-calendar/&title=The page-a-day calendar&source=https://seths.blog', 'http://www.facebook.com/sharer/sharer.php?u=https://seths.blog/2024/07/the-distribution-of-character/&title=The distribution of character', 'http://twitter.com/intent/tweet?text=The%20distribution%20of%20character+https://seths.blog/2024/07/the-distribution-of-character/', 'http://www.linkedin.com/shareArticle?mini=true&url=https://seths.blog/2024/07/the-distribution-of-character/&title=The distribution of character&source=https://seths.blog', 'https://x.com/intent/tweet?via=%username%&url=%url%&text=%prefix%%text%%suffix%&hashtags=%hashtags%', 'https://www.facebook.com/sharer/sharer.php?u=%url%&t=%title%']","['https://seths.blog', 'https://seths.blog/news/', 'https://seths.blog/bot', 'https://seths.blog/which-workshop/', 'https://seths.blog/news/', 'https://seths.blog/socialmedia/', 'https://seths.blog/storyoftheweek/', 'https://seths.blog/top-100/', 'https://seths.blog/popular/', 'https://seths.blog/archive/', 'https://seths.blog/more/', 'https://seths.blog/free-content/', 'https://seths.blog/about/', 'https://seths.blog/subscribe', 'https://seths.blog/2024/07/doing-it-step-by-step/', 'https://seths.blog/2024/07/patterns-and-chaos/', 'https://seths.blog/2024/07/hungry-vs-not-full/', 'https://seths.blog/2024/07/the-new-reality-of-old-media/', 'https://seths.blog/2024/07/retreat/', 'https://seths.blog/2024/07/glib/', 'https://seths.blog/2024/07/a-branding-exercise/', 'https://seths.blog/2024/07/bullies/', 'https://seths.blog/2024/07/the-page-a-day-calendar/', 'https://seths.blog/2024/07/the-distribution-of-character/', 'https://seths.blog/privacypolicy/']","{'versions': [], 'categories': ['Programming languages']}","{'versions': ['3.4.1'], 'categories': ['JavaScript libraries']}","{'versions': [], 'categories': ['Web servers', 'Reverse proxies']}","{'versions': [], 'categories': ['CMS', 'Blogs']}","{'versions': ['3.7.1', '3.4.1'], 'categories': ['JavaScript libraries']}","{'versions': [], 'categories': ['Databases']}","{'versions': [], 'categories': ['Miscellaneous']}","{'versions': [], 'categories': ['Font scripts']}",,,,,,,,,
2,https://en.wikipedia.org/wiki/Web_scraping,0.489224,200,298,144780,4469,"Mins: 18, Sec: 46",Web scraping - Wikipedia,,Web scraping - Wikipedia,,"For websites that scrape content, see Scraper siteWeb scraping, web harvesting, or web data extraction is data scraping used for extracting data from websites.
[1] Web scraping software may directly access the World Wide Web using the Hypertext Transfer Protocol or a web browser.
As well as contact scraping, web scraping is used as a component of applications used for web indexing, web mining and data mining, online price change monitoring and price comparison, product review scraping (to watch the competition), gathering real estate listings, weather data monitoring, website change detection, research, tracking online presence and reputation, web mashup, and web data integration.
In response, there are web scraping systems that rely on using techniques in DOM parsing, computer vision and natural language processing to simulate human browsing to enable gathering web page content for offline parsingHistory [ edit ]After the birth of the World Wide Web in 1989, the first web robot, [2] World Wide Web Wanderer , was created in June 1993, which was intended only to measure the size of the web.
Web Scraping Platforms [ edit ]Some platforms provide not only tools for web scraping but also opportunities for developers to share and potentially monetize their scraping solutions.",416,94,322,8,0,0,1,7,13,1,0,0,159,44,5,[],[],{},,,,,"['https://donate.wikimedia.org/wiki/Special:FundraiserRedirector?utm_source=donate&utm_medium=sidebar&utm_campaign=C13_en.wikipedia.org&uselang=en', 'https://ar.wikipedia.org/wiki/%D8%AA%D8%AC%D8%B1%D9%8A%D9%81_%D9%88%D9%8A%D8%A8', 'https://ca.wikipedia.org/wiki/Web_scraping', 'https://cs.wikipedia.org/wiki/Web_scraping', 'https://ary.wikipedia.org/wiki/%D8%AA%D8%BA%D8%B1%D8%A7%D9%81_%D9%84%D9%88%D9%8A%D8%A8', 'https://de.wikipedia.org/wiki/Screen_Scraping', 'https://es.wikipedia.org/wiki/Web_scraping', 'https://eu.wikipedia.org/wiki/Web_scraping', 'https://fa.wikipedia.org/wiki/%D9%88%D8%A8_%D8%A7%D8%B3%DA%A9%D8%B1%D9%BE%DB%8C%D9%86%DA%AF', 'https://fr.wikipedia.org/wiki/Web_scraping', 'https://ko.wikipedia.org/wiki/%EC%9B%B9_%EC%8A%A4%ED%81%AC%EB%9E%98%ED%95%91', 'https://id.wikipedia.org/wiki/Menggali_web', 'https://is.wikipedia.org/wiki/Vefs%C3%B6fnun', 'https://it.wikipedia.org/wiki/Web_scraping', 'https://lv.wikipedia.org/wiki/Rasmo%C5%A1ana', 'https://nl.wikipedia.org/wiki/Scrapen', 'https://ja.wikipedia.org/wiki/%E3%82%A6%E3%82%A7%E3%83%96%E3%82%B9%E3%82%AF%E3%83%AC%E3%82%A4%E3%83%94%E3%83%B3%E3%82%B0', 'https://pt.wikipedia.org/wiki/Web_scraping', 'https://ru.wikipedia.org/wiki/%D0%92%D0%B5%D0%B1-%D1%81%D0%BA%D1%80%D0%B5%D0%B9%D0%BF%D0%B8%D0%BD%D0%B3', 'https://tr.wikipedia.org/wiki/Web_kaz%C4%B1ma', 'https://uk.wikipedia.org/wiki/Web_scraping', 'https://zh-yue.wikipedia.org/wiki/%E7%B6%B2%E9%A0%81%E5%88%AE%E6%96%99', 'https://zh.wikipedia.org/wiki/%E7%BD%91%E9%A1%B5%E6%8A%93%E5%8F%96', 'https://www.wikidata.org/wiki/Special:EntityPage/Q665452#sitelinks-wikipedia', 'https://www.wikidata.org/wiki/Special:EntityPage/Q665452', 'https://www.google.com/search?as_eq=wikipedia&q=%22Web+scraping%22', 'https://www.google.com/search?tbm=nws&q=%22Web+scraping%22+-wikipedia&tbs=ar:1', 'https://www.google.com/search?&q=%22Web+scraping%22&tbs=bkt:s&tbm=bks', 'https://www.google.com/search?tbs=bks:1&q=%22Web+scraping%22+-wikipedia', 'https://scholar.google.com/scholar?q=%22Web+scraping%22', 'https://www.jstor.org/action/doBasicSearch?Query=%22Web+scraping%22&acc=on&wc=on', 'https://doi.org/10.5334%2Fdsj-2021-024', 'https://doi.org/10.5334%2Fdsj-2021-024', 'https://www.worldcat.org/issn/1683-1470', 'https://api.semanticscholar.org/CorpusID:237719804', 'http://www.searchenginehistory.com/', 'https://web.archive.org/web/20161011080619/https://pdfs.semanticscholar.org/4fb4/3c5a212df751e84c3b2f8d29fabfe56c3616.pdf', 'https://doi.org/10.1145%2F1281192.1281287', 'https://api.semanticscholar.org/CorpusID:833565', 'https://pdfs.semanticscholar.org/4fb4/3c5a212df751e84c3b2f8d29fabfe56c3616.pdf', 'http://www.gooseeker.com/en/node/knowledgebase/freeformat', 'http://www.xconomy.com/san-francisco/2012/07/25/diffbot-is-using-computer-vision-to-reinvent-the-semantic-web/', 'https://doi.org/10.1016%2Fj.jbusres.2020.06.012', 'https://doi.org/10.1016%2Fj.jbusres.2020.06.012', 'https://www.worldcat.org/issn/0148-2963', 'https://web.archive.org/web/20020308222536/http://www.chillingeffects.org/linking/faq.cgi#QID596', 'http://www.chillingeffects.org/linking/faq.cgi#QID596', 'http://scholarship.law.berkeley.edu/btlj/vol29/iss4/16/', 'https://doi.org/10.15779%2FZ38B39B', 'https://www.worldcat.org/issn/1086-3818', 'http://www.tomwbell.com/NetLaw/Ch06.html', 'https://web.archive.org/web/20020308222536/http://www.chillingeffects.org/linking/faq.cgi#QID460', 'http://www.chillingeffects.org/linking/faq.cgi#QID460', 'http://www.tomwbell.com/NetLaw/Ch07/Ticketmaster.html', 'https://web.archive.org/web/20110723131832/http://www.fornova.net/documents/AAFareChase.pdf', 'http://www.fornova.net/documents/AAFareChase.pdf', 'https://web.archive.org/web/20160305025808/http://www.thefreelibrary.com/American+Airlines,+FareChase+Settle+Suit.-a0103213546', 'http://www.thefreelibrary.com/American+Airlines,+FareChase+Settle+Suit.-a0103213546', 'http://www.imperva.com/docs/WP_Detecting_and_Blocking_Site_Scraping_Attacks.pdf', 'https://web.archive.org/web/20110211123854/http://library.findlaw.com/2003/Jul/29/132944.html', 'http://library.findlaw.com/2003/Jul/29/132944.html', 'https://web.archive.org/web/20130921054619/http://www.fornova.net/documents/Cvent.pdf', 'http://www.fornova.net/documents/Cvent.pdf', 'https://www.scribd.com/doc/249068700/LinkedIn-v-Resultly-LLC-Complaint?secret_password=pEVKDbnvhQL52oKfdrmT', 'http://newmedialaw.proskauer.com/2014/12/05/qvc-sues-shopping-app-for-web-scraping-that-allegedly-triggered-site-outage/', 'https://web.archive.org/web/20110723132015/http://www.fornova.net/documents/pblog-bna-com.pdf', 'http://www.fornova.net/documents/pblog-bna-com.pdf', 'https://www.techdirt.com/articles/20090605/2228205147.shtml', 'https://www.eff.org/cases/facebook-v-power-ventures', 'https://www.reuters.com/technology/us-supreme-court-revives-linkedin-bid-shield-personal-data-2021-06-14/', 'https://techcrunch.com/2022/04/18/web-scraping-legal-court/', 'https://web.archive.org/web/20071012005033/http://www.bvhd.dk/uploads/tx_mocarticles/S_-_og_Handelsrettens_afg_relse_i_Ofir-sagen.pdf', 'http://www.bvhd.dk/uploads/tx_mocarticles/S_-_og_Handelsrettens_afg_relse_i_Ofir-sagen.pdf', 'http://www.bailii.org/ie/cases/IEHC/2010/H47.html', 'https://web.archive.org/web/20120624103316/http://www.lkshields.ie/htmdocs/publications/newsletters/update26/update26_03.htm', 'http://www.lkshields.ie/htmdocs/publications/newsletters/update26/update26_03.htm', 'https://www.cnil.fr/fr/la-reutilisation-des-donnees-publiquement-accessibles-en-ligne-des-fins-de-demarchage-commercial', 'https://medium.com/@finddatalab/can-you-still-perform-web-scraping-with-the-new-cnil-guidelines-bf3e20d0edc2', 'https://web.archive.org/web/20191203113701/https://www.lloyds.com/~/media/5880dae185914b2487bed7bd63b96286.ashx', 'https://www.lloyds.com/~/media/5880dae185914b2487bed7bd63b96286.ashx', 'http://www.webstartdesign.com.au/spam_business_practical_guide.pdf', 'https://proxyway.com/guides/what-is-web-scraping', 'https://s3.us-west-2.amazonaws.com/research-papers-mynk/Breaking-Fraud-And-Bot-Detection-Solutions.pdf', 'https://foundation.wikimedia.org/wiki/Special:MyLanguage/Policy:Terms_of_Use', 'https://foundation.wikimedia.org/wiki/Special:MyLanguage/Policy:Privacy_policy', 'https://wikimediafoundation.org/', 'https://foundation.wikimedia.org/wiki/Special:MyLanguage/Policy:Privacy_policy', 'https://foundation.wikimedia.org/wiki/Special:MyLanguage/Policy:Universal_Code_of_Conduct', 'https://developer.wikimedia.org', 'https://stats.wikimedia.org/#/en.wikipedia.org', 'https://foundation.wikimedia.org/wiki/Special:MyLanguage/Policy:Cookie_statement', 'https://en.m.wikipedia.org/w/index.php?title=Web_scraping&mobileaction=toggle_view_mobile', 'https://wikimediafoundation.org/', 'https://www.mediawiki.org']","['https://en.wikipedia.org/wiki/Web_scraping#bodyContent', 'https://en.wikipedia.org/wiki/Main_Page', 'https://en.wikipedia.org/wiki/Wikipedia:Contents', 'https://en.wikipedia.org/wiki/Portal:Current_events', 'https://en.wikipedia.org/wiki/Special:Random', 'https://en.wikipedia.org/wiki/Wikipedia:About', 'https://en.wikipedia.org/wiki/Wikipedia:Contact_us', 'https://en.wikipedia.org/wiki/Help:Contents', 'https://en.wikipedia.org/wiki/Help:Introduction', 'https://en.wikipedia.org/wiki/Wikipedia:Community_portal', 'https://en.wikipedia.org/wiki/Special:RecentChanges', 'https://en.wikipedia.org/wiki/Wikipedia:File_upload_wizard', 'https://en.wikipedia.org/wiki/Main_Page', 'https://en.wikipedia.org/wiki/Special:Search', 'https://en.wikipedia.org/w/index.php?title=Special:CreateAccount&returnto=Web+scraping', 'https://en.wikipedia.org/w/index.php?title=Special:UserLogin&returnto=Web+scraping', 'https://en.wikipedia.org/w/index.php?title=Special:CreateAccount&returnto=Web+scraping', 'https://en.wikipedia.org/w/index.php?title=Special:UserLogin&returnto=Web+scraping', 'https://en.wikipedia.org/wiki/Help:Introduction', 'https://en.wikipedia.org/wiki/Special:MyContributions', 'https://en.wikipedia.org/wiki/Special:MyTalk', 'https://en.wikipedia.org/wiki/Web_scraping', 'https://en.wikipedia.org/wiki/Web_scraping#History', 'https://en.wikipedia.org/wiki/Web_scraping#Techniques', 'https://en.wikipedia.org/wiki/Web_scraping#Human_copy-and-paste', 'https://en.wikipedia.org/wiki/Web_scraping#Text_pattern_matching', 'https://en.wikipedia.org/wiki/Web_scraping#HTTP_programming', 'https://en.wikipedia.org/wiki/Web_scraping#HTML_parsing', 'https://en.wikipedia.org/wiki/Web_scraping#DOM_parsing', 'https://en.wikipedia.org/wiki/Web_scraping#Vertical_aggregation', 'https://en.wikipedia.org/wiki/Web_scraping#Semantic_annotation_recognizing', 'https://en.wikipedia.org/wiki/Web_scraping#Computer_vision_web-page_analysis', 'https://en.wikipedia.org/wiki/Web_scraping#Software', 'https://en.wikipedia.org/wiki/Web_scraping#Web_Scraping_Platforms', 'https://en.wikipedia.org/wiki/Web_scraping#Legal_issues', 'https://en.wikipedia.org/wiki/Web_scraping#United_States', 'https://en.wikipedia.org/wiki/Web_scraping#European_Union', 'https://en.wikipedia.org/wiki/Web_scraping#Australia', 'https://en.wikipedia.org/wiki/Web_scraping#India', 'https://en.wikipedia.org/wiki/Web_scraping#Methods_to_prevent_web_scraping', 'https://en.wikipedia.org/wiki/Web_scraping#See_also', 'https://en.wikipedia.org/wiki/Web_scraping#References', 'https://en.wikipedia.org/wiki/Web_scraping', 'https://en.wikipedia.org/wiki/Talk:Web_scraping', 'https://en.wikipedia.org/wiki/Web_scraping', 'https://en.wikipedia.org/w/index.php?title=Web_scraping&action=edit', 'https://en.wikipedia.org/w/index.php?title=Web_scraping&action=history', 'https://en.wikipedia.org/wiki/Web_scraping', 'https://en.wikipedia.org/w/index.php?title=Web_scraping&action=edit', 'https://en.wikipedia.org/w/index.php?title=Web_scraping&action=history', 'https://en.wikipedia.org/wiki/Special:WhatLinksHere/Web_scraping', 'https://en.wikipedia.org/wiki/Special:RecentChangesLinked/Web_scraping', 'https://en.wikipedia.org/wiki/Wikipedia:File_Upload_Wizard', 'https://en.wikipedia.org/wiki/Special:SpecialPages', 'https://en.wikipedia.org/w/index.php?title=Web_scraping&oldid=1237954017', 'https://en.wikipedia.org/w/index.php?title=Web_scraping&action=info', 'https://en.wikipedia.org/w/index.php?title=Special:CiteThisPage&page=Web_scraping&id=1237954017&wpFormIdentifier=titleform', 'https://en.wikipedia.org/w/index.php?title=Special:UrlShortener&url=https%3A%2F%2Fen.wikipedia.org%2Fwiki%2FWeb_scraping', 'https://en.wikipedia.org/w/index.php?title=Special:QrCode&url=https%3A%2F%2Fen.wikipedia.org%2Fwiki%2FWeb_scraping', 'https://en.wikipedia.org/w/index.php?title=Special:DownloadAsPdf&page=Web_scraping&action=show-download-screen', 'https://en.wikipedia.org/w/index.php?title=Web_scraping&printable=yes', 'https://en.wikipedia.org/wiki/Data_scraping', 'https://en.wikipedia.org/wiki/Scraper_site', 'https://en.wikipedia.org/wiki/File:Question_book-new.svg', 'https://en.wikipedia.org/wiki/Wikipedia:Verifiability', 'https://en.wikipedia.org/wiki/Special:EditPage/Web_scraping', 'https://en.wikipedia.org/wiki/Help:Referencing_for_beginners', 'https://en.wikipedia.org/wiki/Help:Maintenance_template_removal', 'https://en.wikipedia.org/wiki/Data_scraping', 'https://en.wikipedia.org/wiki/Data_extraction', 'https://en.wikipedia.org/wiki/Website', 'https://en.wikipedia.org/wiki/Web_scraping#cite_note-1', 'https://en.wikipedia.org/wiki/World_Wide_Web', 'https://en.wikipedia.org/wiki/Hypertext_Transfer_Protocol', 'https://en.wikipedia.org/wiki/Internet_bot', 'https://en.wikipedia.org/wiki/Web_crawler', 'https://en.wikipedia.org/wiki/Database', 'https://en.wikipedia.org/wiki/Data_retrieval', 'https://en.wikipedia.org/wiki/Data_analysis', 'https://en.wikipedia.org/wiki/Parsing', 'https://en.wikipedia.org/wiki/Contact_scraping', 'https://en.wikipedia.org/wiki/Web_indexing', 'https://en.wikipedia.org/wiki/Web_mining', 'https://en.wikipedia.org/wiki/Data_mining', 'https://en.wikipedia.org/wiki/Comparison_shopping_website', 'https://en.wikipedia.org/wiki/Change_detection_and_notification', 'https://en.wikipedia.org/wiki/Web_mashup', 'https://en.wikipedia.org/wiki/Web_data_integration', 'https://en.wikipedia.org/wiki/Web_page', 'https://en.wikipedia.org/wiki/HTML', 'https://en.wikipedia.org/wiki/XHTML', 'https://en.wikipedia.org/wiki/End-user_(computer_science)', 'https://en.wikipedia.org/wiki/Market_research', 'https://en.wikipedia.org/wiki/JSON', 'https://en.wikipedia.org/wiki/Document_Object_Model', 'https://en.wikipedia.org/wiki/Computer_vision', 'https://en.wikipedia.org/wiki/Natural_language_processing', 'https://en.wikipedia.org/w/index.php?title=Web_scraping&action=edit&section=1', 'https://en.wikipedia.org/wiki/History_of_the_World_Wide_Web', 'https://en.wikipedia.org/wiki/Web_scraping#cite_note-2', 'https://en.wikipedia.org/wiki/World_Wide_Web_Wanderer', 'https://en.wikipedia.org/wiki/JumpStation', 'https://en.wikipedia.org/wiki/Application_programming_interface', 'https://en.wikipedia.org/wiki/Salesforce.com', 'https://en.wikipedia.org/wiki/EBay', 'https://en.wikipedia.org/w/index.php?title=Web_scraping&action=edit&section=2', 'https://en.wikipedia.org/wiki/Semantic_web', 'https://en.wikipedia.org/wiki/Human-computer_interaction', 'https://en.wikipedia.org/w/index.php?title=Web_scraping&action=edit&section=3', 'https://en.wikipedia.org/w/index.php?title=Web_scraping&action=edit&section=4', 'https://en.wikipedia.org/wiki/Grep', 'https://en.wikipedia.org/wiki/Regular_expression', 'https://en.wikipedia.org/wiki/Perl', 'https://en.wikipedia.org/wiki/Python_(programming_language)', 'https://en.wikipedia.org/w/index.php?title=Web_scraping&action=edit&section=5', 'https://en.wikipedia.org/wiki/Static_web_page', 'https://en.wikipedia.org/wiki/Dynamic_web_page', 'https://en.wikipedia.org/wiki/Socket_programming', 'https://en.wikipedia.org/w/index.php?title=Web_scraping&action=edit&section=6', 'https://en.wikipedia.org/wiki/Wrapper_(data_mining)', 'https://en.wikipedia.org/wiki/Web_scraping#cite_note-3', 'https://en.wikipedia.org/wiki/Semi-structured_data', 'https://en.wikipedia.org/wiki/XQuery', 'https://en.wikipedia.org/w/index.php?title=Web_scraping&action=edit&section=7', 'https://en.wikipedia.org/wiki/Document_Object_Model', 'https://en.wikipedia.org/wiki/Internet_Explorer', 'https://en.wikipedia.org/wiki/Mozilla', 'https://en.wikipedia.org/wiki/XPath', 'https://en.wikipedia.org/w/index.php?title=Web_scraping&action=edit&section=8', 'https://en.wikipedia.org/wiki/Long_Tail', 'https://en.wikipedia.org/w/index.php?title=Web_scraping&action=edit&section=9', 'https://en.wikipedia.org/wiki/Metadata', 'https://en.wikipedia.org/wiki/Microformat', 'https://en.wikipedia.org/wiki/Web_scraping#cite_note-4', 'https://en.wikipedia.org/w/index.php?title=Web_scraping&action=edit&section=10', 'https://en.wikipedia.org/wiki/Machine_learning', 'https://en.wikipedia.org/wiki/Computer_vision', 'https://en.wikipedia.org/wiki/Web_scraping#cite_note-5', 'https://en.wikipedia.org/w/index.php?title=Web_scraping&action=edit&section=11', 'https://en.wikipedia.org/w/index.php?title=Web_scraping&action=edit&section=12', 'https://en.wikipedia.org/wiki/Web_scraping#cite_note-6', 'https://en.wikipedia.org/w/index.php?title=Web_scraping&action=edit&section=13', 'https://en.wikipedia.org/wiki/Wikipedia:WikiProject_Countering_systemic_bias', 'https://en.wikipedia.org/w/index.php?title=Web_scraping&action=edit', 'https://en.wikipedia.org/wiki/Talk:Web_scraping', 'https://en.wikipedia.org/wiki/Help:Maintenance_template_removal', 'https://en.wikipedia.org/wiki/Terms_of_service', 'https://en.wikipedia.org/wiki/Web_scraping#cite_note-7', 'https://en.wikipedia.org/w/index.php?title=Web_scraping&action=edit&section=14', 'https://en.wikipedia.org/wiki/Cause_of_action', 'https://en.wikipedia.org/wiki/Computer_Fraud_and_Abuse_Act', 'https://en.wikipedia.org/wiki/Trespass_to_chattels', 'https://en.wikipedia.org/wiki/Web_scraping#cite_note-8', 'https://en.wikipedia.org/wiki/Feist_Publications,_Inc.,_v._Rural_Telephone_Service_Co.', 'https://en.wikipedia.org/wiki/Trespass_to_chattels', 'https://en.wikipedia.org/wiki/Web_scraping#cite_note-9', 'https://en.wikipedia.org/wiki/Web_scraping#cite_note-10', 'https://en.wikipedia.org/wiki/EBay_v._Bidder%27s_Edge', 'https://en.wikipedia.org/wiki/Auction_sniping', 'https://en.wikipedia.org/wiki/Personal_property', 'https://en.wikipedia.org/wiki/Plaintiff', 'https://en.wikipedia.org/wiki/Defendant', 'https://en.wikipedia.org/wiki/Web_scraping#cite_note-11', 'https://en.wikipedia.org/wiki/Screen_scraping', 'https://en.wikipedia.org/wiki/American_Airlines', 'https://en.wikipedia.org/wiki/Web_scraping#cite_note-12', 'https://en.wikipedia.org/wiki/Injunction', 'https://en.wikipedia.org/wiki/Web_scraping#cite_note-13', 'https://en.wikipedia.org/wiki/Southwest_Airlines', 'https://en.wikipedia.org/wiki/US_Copyright_law', 'https://en.wikipedia.org/wiki/Supreme_Court_of_the_United_States', 'https://en.wikipedia.org/wiki/Yahoo!', 'https://en.wikipedia.org/wiki/Web_scraping#cite_note-impervawp2011-14', 'https://en.wikipedia.org/wiki/Craigslist_v._3Taps', 'https://en.wikipedia.org/wiki/Computer_Fraud_and_Abuse_Act', 'https://en.wikipedia.org/wiki/Web_scraping#cite_note-15', 'https://en.wikipedia.org/wiki/Cvent,_Inc.', 'https://en.wikipedia.org/wiki/Eventbrite', 'https://en.wikipedia.org/wiki/Browse_wrap', 'https://en.wikipedia.org/wiki/Web_scraping#cite_note-16', 'https://en.wikipedia.org/wiki/United_States_District_Court_for_the_Eastern_District_of_Pennsylvania', 'https://en.wikipedia.org/wiki/Web_scraping#cite_note-17', 'https://en.wikipedia.org/wiki/QVC', 'https://en.wikipedia.org/wiki/Web_scraping#cite_note-18', 'https://en.wikipedia.org/wiki/Web_scraping#cite_note-19', 'https://en.wikipedia.org/wiki/Facebook,_Inc._v._Power_Ventures,_Inc.', 'https://en.wikipedia.org/wiki/Electronic_Frontier_Foundation', 'https://en.wikipedia.org/wiki/Web_scraping#cite_note-20', 'https://en.wikipedia.org/wiki/Web_scraping#cite_note-21', 'https://en.wikipedia.org/wiki/Associated_Press_v._Meltwater_U.S._Holdings,_Inc.', 'https://en.wikipedia.org/wiki/Ninth_Circuit', 'https://en.wikipedia.org/wiki/HiQ_Labs_v._LinkedIn', 'https://en.wikipedia.org/wiki/United_States_Supreme_Court', 'https://en.wikipedia.org/wiki/Van_Buren_v._United_States', 'https://en.wikipedia.org/wiki/Web_scraping#cite_note-22', 'https://en.wikipedia.org/wiki/Web_scraping#cite_note-23', 'https://en.wikipedia.org/wiki/Internet_Archive', 'https://en.wikipedia.org/wiki/Wikipedia:Citation_needed', 'https://en.wikipedia.org/w/index.php?title=Web_scraping&action=edit&section=15', 'https://en.wikipedia.org/wiki/Maritime_and_Commercial_Court_(Denmark)', 'https://en.wikipedia.org/wiki/Web_scraping#cite_note-24', 'https://en.wikipedia.org/wiki/Inchoate_offense', 'https://en.wikipedia.org/wiki/Ryanair', 'https://en.wikipedia.org/wiki/Clickwrap', 'https://en.wikipedia.org/wiki/Michael_Hanna_(judge)', 'https://en.wikipedia.org/wiki/Web_scraping#cite_note-25', 'https://en.wikipedia.org/wiki/Web_scraping#cite_note-26', 'https://en.wikipedia.org/wiki/Web_scraping#cite_note-27', 'https://en.wikipedia.org/wiki/Web_scraping#cite_note-28', 'https://en.wikipedia.org/w/index.php?title=Web_scraping&action=edit&section=16', 'https://en.wikipedia.org/wiki/Spam_Act_2003', 'https://en.wikipedia.org/wiki/Web_scraping#cite_note-29', 'https://en.wikipedia.org/wiki/Web_scraping#cite_note-30', 'https://en.wikipedia.org/w/index.php?title=Web_scraping&action=edit&section=17', 'https://en.wikipedia.org/wiki/Information_Technology_Act,_2000#:~:text=From_Wikipedia,_the_free_encyclopedia_The_Information_Technology,in_India_dealing_with_cybercrime_and_electronic_commerce.', 'https://en.wikipedia.org/w/index.php?title=Web_scraping&action=edit&section=18', 'https://en.wikipedia.org/wiki/IP_address', 'https://en.wikipedia.org/wiki/Geolocation', 'https://en.wikipedia.org/wiki/DNSBL', 'https://en.wikipedia.org/wiki/Web_service', 'https://en.wikipedia.org/wiki/Application_programming_interface', 'https://en.wikipedia.org/wiki/User_agent', 'https://en.wikipedia.org/wiki/String_(computer_science)', 'https://en.wikipedia.org/wiki/Robots_exclusion_standard', 'https://en.wikipedia.org/wiki/Googlebot', 'https://en.wikipedia.org/wiki/CAPTCHA', 'https://en.wikipedia.org/wiki/Web_scraping#cite_note-31', 'https://en.wikipedia.org/wiki/Application_firewall', 'https://en.wikipedia.org/wiki/Web_scraping#cite_note-32', 'https://en.wikipedia.org/wiki/Honeypot_(computing)', 'https://en.wikipedia.org/wiki/Obfuscation', 'https://en.wikipedia.org/wiki/CSS_sprite', 'https://en.wikipedia.org/wiki/Web_accessibility', 'https://en.wikipedia.org/wiki/Screen_reader', 'https://en.wikipedia.org/wiki/Robots_exclusion_standard', 'https://en.wikipedia.org/w/index.php?title=Web_scraping&action=edit&section=19', 'https://en.wikipedia.org/wiki/Archive.today', 'https://en.wikipedia.org/wiki/Comparison_of_feed_aggregators', 'https://en.wikipedia.org/wiki/Data_scraping', 'https://en.wikipedia.org/wiki/Data_wrangling', 'https://en.wikipedia.org/wiki/Importer_(computing)', 'https://en.wikipedia.org/wiki/Job_wrapping', 'https://en.wikipedia.org/wiki/Knowledge_extraction', 'https://en.wikipedia.org/wiki/OpenSocial', 'https://en.wikipedia.org/wiki/Scraper_site', 'https://en.wikipedia.org/wiki/Fake_news_website', 'https://en.wikipedia.org/wiki/Blog_scraping', 'https://en.wikipedia.org/wiki/Spamdexing', 'https://en.wikipedia.org/wiki/Domain_name_drop_list', 'https://en.wikipedia.org/wiki/Text_corpus', 'https://en.wikipedia.org/wiki/Web_archiving', 'https://en.wikipedia.org/wiki/Web_crawler', 'https://en.wikipedia.org/wiki/Offline_reader', 'https://en.wikipedia.org/wiki/Link_farm', 'https://en.wikipedia.org/wiki/Search_engine_scraping', 'https://en.wikipedia.org/wiki/Category:Web_crawlers', 'https://en.wikipedia.org/w/index.php?title=Web_scraping&action=edit&section=20', 'https://en.wikipedia.org/wiki/Web_scraping#cite_ref-1', 'https://en.wikipedia.org/wiki/Doi_(identifier)', 'https://en.wikipedia.org/wiki/ISSN_(identifier)', 'https://en.wikipedia.org/wiki/S2CID_(identifier)', 'https://en.wikipedia.org/wiki/Web_scraping#cite_ref-2', 'https://en.wikipedia.org/wiki/Web_scraping#cite_ref-3', 'https://en.wikipedia.org/wiki/Doi_(identifier)', 'https://en.wikipedia.org/wiki/ISBN_(identifier)', 'https://en.wikipedia.org/wiki/Special:BookSources/9781595936097', 'https://en.wikipedia.org/wiki/S2CID_(identifier)', 'https://en.wikipedia.org/wiki/Web_scraping#cite_ref-4', 'https://en.wikipedia.org/wiki/Web_scraping#cite_ref-5', 'https://en.wikipedia.org/wiki/Web_scraping#cite_ref-6', 'https://en.wikipedia.org/wiki/Doi_(identifier)', 'https://en.wikipedia.org/wiki/ISSN_(identifier)', 'https://en.wikipedia.org/wiki/Web_scraping#cite_ref-7', 'https://en.wikipedia.org/wiki/Web_scraping#cite_ref-8', 'https://en.wikipedia.org/wiki/Doi_(identifier)', 'https://en.wikipedia.org/wiki/ISSN_(identifier)', 'https://en.wikipedia.org/wiki/Template:Cite_journal', 'https://en.wikipedia.org/wiki/Category:CS1_maint:_multiple_names:_authors_list', 'https://en.wikipedia.org/wiki/Web_scraping#cite_ref-9', 'https://en.wikipedia.org/wiki/Web_scraping#cite_ref-10', 'https://en.wikipedia.org/wiki/Web_scraping#cite_ref-11', 'https://en.wikipedia.org/wiki/Web_scraping#cite_ref-12', 'https://en.wikipedia.org/wiki/Web_scraping#cite_ref-13', 'https://en.wikipedia.org/wiki/Web_scraping#cite_ref-impervawp2011_14-0', 'https://en.wikipedia.org/wiki/Web_scraping#cite_ref-15', 'https://en.wikipedia.org/wiki/Web_scraping#cite_ref-16', 'https://en.wikipedia.org/wiki/Web_scraping#cite_ref-17', 'https://en.wikipedia.org/wiki/Web_scraping#cite_ref-18', 'https://en.wikipedia.org/wiki/Web_scraping#cite_ref-19', 'https://en.wikipedia.org/wiki/Web_scraping#cite_ref-20', 'https://en.wikipedia.org/wiki/Web_scraping#cite_ref-21', 'https://en.wikipedia.org/wiki/Web_scraping#cite_ref-22', 'https://en.wikipedia.org/wiki/Reuters', 'https://en.wikipedia.org/wiki/Web_scraping#cite_ref-23', 'https://en.wikipedia.org/wiki/Web_scraping#cite_ref-24', 'https://en.wikipedia.org/wiki/Web_scraping#cite_ref-25', 'https://en.wikipedia.org/wiki/Web_scraping#cite_ref-26', 'https://en.wikipedia.org/wiki/Web_scraping#cite_ref-27', 'https://en.wikipedia.org/wiki/Web_scraping#cite_ref-28', 'https://en.wikipedia.org/wiki/Web_scraping#cite_ref-29', 'https://en.wikipedia.org/wiki/Web_scraping#cite_ref-30', 'https://en.wikipedia.org/wiki/Web_scraping#cite_ref-31', 'https://en.wikipedia.org/wiki/Web_scraping#cite_ref-32', 'https://en.wikipedia.org/w/index.php?title=Web_scraping&oldid=1237954017', 'https://en.wikipedia.org/wiki/Help:Category', 'https://en.wikipedia.org/wiki/Category:Web_scraping', 'https://en.wikipedia.org/wiki/Category:CS1_maint:_multiple_names:_authors_list', 'https://en.wikipedia.org/wiki/Category:CS1_Danish-language_sources_(da)', 'https://en.wikipedia.org/wiki/Category:CS1_French-language_sources_(fr)', 'https://en.wikipedia.org/wiki/Category:Articles_with_short_description', 'https://en.wikipedia.org/wiki/Category:Short_description_matches_Wikidata', 'https://en.wikipedia.org/wiki/Category:Articles_needing_additional_references_from_April_2023', 'https://en.wikipedia.org/wiki/Category:All_articles_needing_additional_references', 'https://en.wikipedia.org/wiki/Category:Articles_with_limited_geographic_scope_from_October_2015', 'https://en.wikipedia.org/wiki/Category:United_States-centric', 'https://en.wikipedia.org/wiki/Category:All_articles_with_unsourced_statements', 'https://en.wikipedia.org/wiki/Category:Articles_with_unsourced_statements_from_April_2023', 'https://en.wikipedia.org/wiki/Wikipedia:Text_of_the_Creative_Commons_Attribution-ShareAlike_4.0_International_License', 'https://en.wikipedia.org/wiki/Wikipedia:Text_of_the_Creative_Commons_Attribution-ShareAlike_4.0_International_License', 'https://en.wikipedia.org/wiki/Wikipedia:About', 'https://en.wikipedia.org/wiki/Wikipedia:General_disclaimer', 'https://en.wikipedia.org/wiki/Wikipedia:Contact_us']","{'versions': [], 'categories': ['Programming languages']}",,,,,,,,"{'versions': ['1.43.0-wmf.16'], 'categories': ['Wikis']}",,,,,,,,
3,https://docs.h2o.ai/h2o/latest-stable/h2o-docs/automl.html,0.836402,200,108,115270,6063,"Mins: 25, Sec: 28",H2O AutoML: Automatic Machine Learning — H2O 3.46.0.4 documentation,,,,"H2O AutoML: Automatic Machine Learning¶In recent years, the demand for machine learning experts has outpaced the supply, despite the surge of people entering the field.
To learn more about H2O AutoML we recommend taking a look at our more in-depth AutoML tutorial (available in R and Python).
Citation¶ If you’re citing the H2O AutoML algorithm in a paper, please cite our paper from the 7th ICML Workshop on Automated Machine Learning (AutoML).
H2O AutoML: Scalable Automatic Machine Learning.
This is the place that we keep track of papers that use H2O AutoML, and H2O generally.",181,36,145,7,0,0,1,11,13,7,0,0,152,217,0,[],[],{'youtube': 'https://www.youtube.com/results?search_query=h2o+automl+erin+ledell'},,,,,"['https://github.com/h2oai/h2o-3/blob/master/Changes.md', 'https://github.com//h2oai/h2o-3/blob/master/h2o-docs/src/product/automl.rst', 'https://github.com/h2oai/h2o-3/issues/7862', 'https://github.com/h2oai/h2o-tutorials/blob/master/tutorials/sklearn-integration/H2OAutoML_as_sklearn_estimator.ipynb', 'https://github.com/h2oai/h2o-tutorials/tree/master/h2o-world-2017/automl', 'https://github.com/h2oai/wave-h2o-automl', 'https://wave.h2o.ai/', 'https://wave.h2o.ai/docs/installation', 'https://github.com/h2oai/wave-h2o-automl#readme', 'https://github.com/h2oai/h2o-3/issues/7862', 'https://github.com/h2oai/h2o-3/issues/7847', 'https://github.com/h2oai/h2o-3/issues/12851', 'https://github.com/h2oai/sparkling-water/pull/2585#issuecomment-916114162', 'https://developer.nvidia.com/nvidia-system-management-interface', 'https://github.com/h2oai/h2o-3/issues/7139', 'https://github.com/h2oai/h2o-3/issues/7180', 'https://github.com/h2oai/h2o-3/blob/master/Changes.md#vapnik-31201-662017', 'https://github.com/ledell/phd-thesis', 'https://github.com/h2oai/h2o-tutorials/tree/master/h2o-world-2017/automl', 'https://www.youtube.com/watch?v=42Oo8TOl85I', 'https://www.slideshare.net/0xdata/intro-to-automl-handson-lab-erin-ledell-machine-learning-scientist-h2oai', 'https://www.youtube.com/watch?v=j6rqrEYQNdo', 'https://www.slideshare.net/0xdata/scalable-automatic-machine-learning-in-h2o-89130971', 'hhttps://github.com/h2oai/h2o-meetups', 'https://www.youtube.com/results?search_query=h2o+automl+erin+ledell', 'https://sites.google.com/view/automl2020/home', 'https://www.automl.org/wp-content/uploads/2020/07/AutoML_2020_paper_61.pdf', 'https://github.com/h2oai/awesome-h2o#research-papers', 'https://github.com/h2oai/h2o-3/blob/master/h2o-automl/src/main/java/ai/h2o/automl/modeling/GLMStepsProvider.java', 'https://github.com/h2oai/h2o-3/blob/master/h2o-automl/src/main/java/ai/h2o/automl/modeling/XGBoostSteps.java', 'https://github.com/h2oai/h2o-3/blob/master/h2o-automl/src/main/java/ai/h2o/automl/modeling/GBMStepsProvider.java', 'https://github.com/h2oai/h2o-3/blob/master/h2o-automl/src/main/java/ai/h2o/automl/modeling/DeepLearningStepsProvider.java', 'https://github.com/h2oai/h2o-3/issues', 'http://sphinx-doc.org/', 'https://github.com/snide/sphinx_rtd_theme', 'https://readthedocs.org']","['https://docs.h2o.ai/h2o/latest-stable/h2o-docs/index.html', 'https://docs.h2o.ai/h2o/latest-stable/h2o-docs/blog-releases.html', 'https://docs.h2o.ai/h2o/latest-stable/h2o-docs/welcome.html', 'https://docs.h2o.ai/h2o/latest-stable/h2o-docs/api-changes.html', 'https://docs.h2o.ai/h2o/latest-stable/h2o-docs/quick-start-videos.html', 'https://docs.h2o.ai/h2o/latest-stable/h2o-docs/cloud-integration.html', 'https://docs.h2o.ai/h2o/latest-stable/h2o-docs/downloading.html', 'https://docs.h2o.ai/h2o/latest-stable/h2o-docs/starting-h2o.html', 'https://docs.h2o.ai/h2o/latest-stable/h2o-docs/h2o-client.html', 'https://docs.h2o.ai/h2o/latest-stable/h2o-docs/getting-data-into-h2o.html', 'https://docs.h2o.ai/h2o/latest-stable/h2o-docs/data-munging.html', 'https://docs.h2o.ai/h2o/latest-stable/h2o-docs/data-science.html', 'https://docs.h2o.ai/h2o/latest-stable/h2o-docs/training-models.html', 'https://docs.h2o.ai/h2o/latest-stable/h2o-docs/cross-validation.html', 'https://docs.h2o.ai/h2o/latest-stable/h2o-docs/variable-importance.html', 'https://docs.h2o.ai/h2o/latest-stable/h2o-docs/grid-search.html', 'https://docs.h2o.ai/h2o/latest-stable/h2o-docs/checkpointing-models.html', 'https://docs.h2o.ai/h2o/latest-stable/h2o-docs/performance-and-prediction.html', 'https://docs.h2o.ai/h2o/latest-stable/h2o-docs/automl.html', 'https://docs.h2o.ai/h2o/latest-stable/h2o-docs/automl.html#automl-interface', 'https://docs.h2o.ai/h2o/latest-stable/h2o-docs/automl.html#required-parameters', 'https://docs.h2o.ai/h2o/latest-stable/h2o-docs/automl.html#required-data-parameters', 'https://docs.h2o.ai/h2o/latest-stable/h2o-docs/automl.html#required-stopping-parameters', 'https://docs.h2o.ai/h2o/latest-stable/h2o-docs/automl.html#optional-parameters', 'https://docs.h2o.ai/h2o/latest-stable/h2o-docs/automl.html#optional-data-parameters', 'https://docs.h2o.ai/h2o/latest-stable/h2o-docs/automl.html#optional-miscellaneous-parameters', 'https://docs.h2o.ai/h2o/latest-stable/h2o-docs/automl.html#notes', 'https://docs.h2o.ai/h2o/latest-stable/h2o-docs/automl.html#validation-options', 'https://docs.h2o.ai/h2o/latest-stable/h2o-docs/automl.html#xgboost-memory-requirements', 'https://docs.h2o.ai/h2o/latest-stable/h2o-docs/automl.html#scikit-learn-compatibility', 'https://docs.h2o.ai/h2o/latest-stable/h2o-docs/automl.html#explainability', 'https://docs.h2o.ai/h2o/latest-stable/h2o-docs/automl.html#code-examples', 'https://docs.h2o.ai/h2o/latest-stable/h2o-docs/automl.html#training', 'https://docs.h2o.ai/h2o/latest-stable/h2o-docs/automl.html#prediction', 'https://docs.h2o.ai/h2o/latest-stable/h2o-docs/automl.html#automl-output', 'https://docs.h2o.ai/h2o/latest-stable/h2o-docs/automl.html#leaderboard', 'https://docs.h2o.ai/h2o/latest-stable/h2o-docs/automl.html#examine-models', 'https://docs.h2o.ai/h2o/latest-stable/h2o-docs/automl.html#automl-log', 'https://docs.h2o.ai/h2o/latest-stable/h2o-docs/automl.html#web-ui-via-h2o-wave', 'https://docs.h2o.ai/h2o/latest-stable/h2o-docs/automl.html#experimental-features', 'https://docs.h2o.ai/h2o/latest-stable/h2o-docs/automl.html#preprocessing', 'https://docs.h2o.ai/h2o/latest-stable/h2o-docs/automl.html#faq', 'https://docs.h2o.ai/h2o/latest-stable/h2o-docs/automl.html#resources', 'https://docs.h2o.ai/h2o/latest-stable/h2o-docs/automl.html#citation', 'https://docs.h2o.ai/h2o/latest-stable/h2o-docs/automl.html#random-grid-search-parameters', 'https://docs.h2o.ai/h2o/latest-stable/h2o-docs/automl.html#glm-hyperparameters', 'https://docs.h2o.ai/h2o/latest-stable/h2o-docs/automl.html#xgboost-hyperparameters', 'https://docs.h2o.ai/h2o/latest-stable/h2o-docs/automl.html#gbm-hyperparameters', 'https://docs.h2o.ai/h2o/latest-stable/h2o-docs/automl.html#deep-learning-hyperparameters', 'https://docs.h2o.ai/h2o/latest-stable/h2o-docs/automl.html#additional-information', 'https://docs.h2o.ai/h2o/latest-stable/h2o-docs/explain.html', 'https://docs.h2o.ai/h2o/latest-stable/h2o-docs/admissible.html', 'https://docs.h2o.ai/h2o/latest-stable/h2o-docs/save-and-load-model.html', 'https://docs.h2o.ai/h2o/latest-stable/h2o-docs/productionizing.html', 'https://docs.h2o.ai/h2o/latest-stable/h2o-docs/mojo-capabilities.html', 'https://docs.h2o.ai/h2o/latest-stable/h2o-docs/flow.html', 'https://docs.h2o.ai/h2o/latest-stable/h2o-docs/logs.html', 'https://docs.h2o.ai/h2o/latest-stable/h2o-docs/architecture.html', 'https://docs.h2o.ai/h2o/latest-stable/h2o-docs/security.html', 'https://docs.h2o.ai/h2o/latest-stable/h2o-docs/faq.html', 'https://docs.h2o.ai/h2o/latest-stable/h2o-docs/glossary.html', 'https://docs.h2o.ai/h2o/latest-stable/h2o-docs/parameters.html', 'https://docs.h2o.ai/h2o/latest-stable/h2o-docs/api-reference.html', 'https://docs.h2o.ai/h2o/latest-stable/h2o-docs/additional-resources.html', 'https://docs.h2o.ai/h2o/latest-stable/h2o-docs/index.html', 'https://docs.h2o.ai/h2o/latest-stable/h2o-docs/index.html', 'https://docs.h2o.ai/h2o/latest-stable/h2o-docs/data-science.html', 'https://docs.h2o.ai/h2o/latest-stable/h2o-docs/_images/h2o-automl-logo.png', 'https://docs.h2o.ai/h2o/latest-stable/h2o-docs/automl.html#h2o-automl-automatic-machine-learning', 'http://docs.h2o.ai/h2o/latest-stable/h2o-docs/explain.html', 'https://docs.h2o.ai/h2o/latest-stable/h2o-docs/automl.html#automl-interface', 'https://docs.h2o.ai/h2o/latest-stable/h2o-docs/automl.html#web-ui-via-h2o-wave', 'https://docs.h2o.ai/h2o/latest-stable/h2o-docs/automl.html#required-parameters', 'https://docs.h2o.ai/h2o/latest-stable/h2o-docs/automl.html#required-data-parameters', 'https://docs.h2o.ai/h2o/latest-stable/h2o-docs/data-science/algo-params/y.html', 'https://docs.h2o.ai/h2o/latest-stable/h2o-docs/data-science/algo-params/training_frame.html', 'https://docs.h2o.ai/h2o/latest-stable/h2o-docs/automl.html#required-stopping-parameters', 'https://docs.h2o.ai/h2o/latest-stable/h2o-docs/data-science/algo-params/max_runtime_secs.html', 'https://docs.h2o.ai/h2o/latest-stable/h2o-docs/data-science/algo-params/max_models.html', 'https://docs.h2o.ai/h2o/latest-stable/h2o-docs/automl.html#optional-parameters', 'https://docs.h2o.ai/h2o/latest-stable/h2o-docs/automl.html#optional-data-parameters', 'https://docs.h2o.ai/h2o/latest-stable/h2o-docs/data-science/algo-params/x.html', 'https://docs.h2o.ai/h2o/latest-stable/h2o-docs/data-science/algo-params/validation_frame.html', 'https://docs.h2o.ai/h2o/latest-stable/h2o-docs/data-science/algo-params/blending_frame.html', 'https://docs.h2o.ai/h2o/latest-stable/h2o-docs/data-science/algo-params/fold_column.html', 'https://docs.h2o.ai/h2o/latest-stable/h2o-docs/data-science/algo-params/weights_column.html', 'https://docs.h2o.ai/h2o/latest-stable/h2o-docs/automl.html#optional-miscellaneous-parameters', 'https://docs.h2o.ai/h2o/latest-stable/h2o-docs/data-science/algo-params/nfolds.html', 'https://docs.h2o.ai/h2o/latest-stable/h2o-docs/data-science/algo-params/balance_classes.html', 'https://docs.h2o.ai/h2o/latest-stable/h2o-docs/data-science/algo-params/class_sampling_factors.html', 'https://docs.h2o.ai/h2o/latest-stable/h2o-docs/data-science/algo-params/max_after_balance_size.html', 'https://docs.h2o.ai/h2o/latest-stable/h2o-docs/data-science/algo-params/max_runtime_secs_per_model.html', 'https://docs.h2o.ai/h2o/latest-stable/h2o-docs/data-science/algo-params/stopping_metric.html', 'https://docs.h2o.ai/h2o/latest-stable/h2o-docs/data-science/algo-params/stopping_tolerance.html', 'https://docs.h2o.ai/h2o/latest-stable/h2o-docs/data-science/algo-params/stopping_rounds.html', 'https://docs.h2o.ai/h2o/latest-stable/h2o-docs/data-science/algo-params/sort_metric.html', 'https://docs.h2o.ai/h2o/latest-stable/h2o-docs/data-science/algo-params/seed.html', 'https://docs.h2o.ai/h2o/latest-stable/h2o-docs/data-science/algo-params/exclude_algos.html', 'https://docs.h2o.ai/h2o/latest-stable/h2o-docs/data-science/algo-params/include_algos.html', 'https://docs.h2o.ai/h2o/latest-stable/h2o-docs/data-science/drf.html#xrt', 'http://docs.h2o.ai/h2o/latest-stable/h2o-docs/data-science/algo-params/histogram_type.html', 'https://docs.h2o.ai/h2o/latest-stable/h2o-docs/data-science/algo-params/monotone_constraints.html', 'https://docs.h2o.ai/h2o/latest-stable/h2o-docs/data-science/algo-params/keep_cross_validation_predictions.html', 'https://docs.h2o.ai/h2o/latest-stable/h2o-docs/data-science/algo-params/keep_cross_validation_models.html', 'https://docs.h2o.ai/h2o/latest-stable/h2o-docs/data-science/algo-params/keep_cross_validation_fold_assignment.html', 'https://docs.h2o.ai/h2o/latest-stable/h2o-docs/data-science/algo-params/export_checkpoints_dir.html', 'https://docs.h2o.ai/h2o/latest-stable/h2o-docs/automl.html#notes', 'https://docs.h2o.ai/h2o/latest-stable/h2o-docs/automl.html#validation-options', 'https://docs.h2o.ai/h2o/latest-stable/h2o-docs/automl.html#xgboost-memory-requirements', 'https://docs.h2o.ai/h2o/latest-stable/h2o-docs/automl.html#scikit-learn-compatibility', 'https://docs.h2o.ai/h2o/latest-stable/h2o-docs/automl.html#explainability', 'http://docs.h2o.ai/h2o/latest-stable/h2o-docs/explain.html', 'https://docs.h2o.ai/h2o/latest-stable/h2o-docs/automl.html#code-examples', 'https://docs.h2o.ai/h2o/latest-stable/h2o-docs/automl.html#training', 'https://docs.h2o.ai/h2o/latest-stable/h2o-docs/automl.html#prediction', 'https://docs.h2o.ai/h2o/latest-stable/h2o-docs/automl.html#automl-output', 'https://docs.h2o.ai/h2o/latest-stable/h2o-docs/automl.html#leaderboard', 'https://docs.h2o.ai/h2o/latest-stable/h2o-docs/_images/h2o-automl-leaderboard.png', 'https://docs.h2o.ai/h2o/latest-stable/h2o-docs/performance-and-prediction.html#leaderboard', 'https://docs.h2o.ai/h2o/latest-stable/h2o-docs/automl.html#examine-models', 'https://docs.h2o.ai/h2o/latest-stable/h2o-docs/automl.html#automl-log', 'https://docs.h2o.ai/h2o/latest-stable/h2o-docs/automl.html#web-ui-via-h2o-wave', 'https://docs.h2o.ai/h2o/latest-stable/h2o-docs/_images/h2o-automl-wave-1.png', 'https://docs.h2o.ai/h2o/latest-stable/h2o-docs/_images/h2o-automl-wave-2.png', 'https://docs.h2o.ai/h2o/latest-stable/h2o-docs/_images/h2o-automl-wave-3.png', 'https://docs.h2o.ai/h2o/latest-stable/h2o-docs/_images/h2o-automl-wave-4.png', 'https://docs.h2o.ai/h2o/latest-stable/h2o-docs/automl.html#experimental-features', 'https://docs.h2o.ai/h2o/latest-stable/h2o-docs/automl.html#preprocessing', 'https://docs.h2o.ai/h2o/latest-stable/h2o-docs/automl.html#faq', 'http://docs.h2o.ai/h2o/latest-stable/h2o-docs/explain.html', 'https://docs.h2o.ai/h2o/latest-stable/h2o-docs/data-science/xgboost.html', 'https://docs.h2o.ai/h2o/latest-stable/h2o-docs/data-science/xgboost.html#disabling-xgboost', 'https://docs.h2o.ai/h2o/latest-stable/h2o-docs/save-and-load-model.html#supported-mojos', 'https://docs.h2o.ai/h2o/latest-stable/h2o-docs/save-and-load-model.html#supported-mojos', 'https://docs.h2o.ai/h2o/latest-stable/h2o-docs/automl.html#resources', 'https://docs.h2o.ai/h2o/latest-stable/h2o-docs/automl.html#citation', 'https://docs.h2o.ai/h2o/latest-stable/h2o-docs/faq/general.html#i-am-writing-an-academic-research-paper-and-i-would-like-to-cite-h2o-in-my-bibliography-how-should-i-do-that', 'https://docs.h2o.ai/h2o/latest-stable/h2o-docs/automl.html#random-grid-search-parameters', 'https://docs.h2o.ai/h2o/latest-stable/h2o-docs/automl.html#glm-hyperparameters', 'https://docs.h2o.ai/h2o/latest-stable/h2o-docs/automl.html#xgboost-hyperparameters', 'https://docs.h2o.ai/h2o/latest-stable/h2o-docs/automl.html#gbm-hyperparameters', 'https://docs.h2o.ai/h2o/latest-stable/h2o-docs/automl.html#deep-learning-hyperparameters', 'https://docs.h2o.ai/h2o/latest-stable/h2o-docs/automl.html#additional-information', 'https://docs.h2o.ai/h2o/latest-stable/h2o-docs/data-science/coxph.html', 'https://docs.h2o.ai/h2o/latest-stable/h2o-docs/data-science/early_stopping.html']",,,,,"{'versions': [], 'categories': ['JavaScript libraries']}",,,,,"{'versions': [], 'categories': ['JavaScript libraries']}","{'versions': [], 'categories': ['Tag managers']}","{'versions': [], 'categories': ['PaaS']}","{'versions': [], 'categories': ['Miscellaneous']}","{'versions': [], 'categories': ['JavaScript libraries']}",,,
4,https://blog.insycle.com/phone-number-formatting-crm,0.776509,200,127,142363,4200,"Mins: 17, Sec: 38","Phone Number Formatting — How to Do It, Why It Is Important",Considerations for phone number formatting in your CRM. Why E.164 standard phone number format may be the best choice. How phone number data impacts sales.,"Phone Number Formatting — How to Do It, Why It Is Important",Considerations for phone number formatting in your CRM. Why E.164 standard phone number format may be the best choice. How phone number data impacts sales.,"Phone Number Dialed Location 456-7890 Local Phone Number 212-456-7890 Domestic +1-212-456-7890 International Phone Number 1-212-456-7890 Dialed in the US 001-212-456-7890 Dialed in Germany 191-212-456-7890 Dialed in FranceIn most cases, you’ll be dialing numbers from the same location.
The E.164 International Standard for Phone Number FormatToday, the E.164 phone number format is the international phone number formatting standard across the globe.
The E. 164 phone number format uses this template:[+][country code][area code][local phone number]So a phone number that uses the E.164 phone number format might look something like this:+14151231234E. 164 uses no spaces, no dashes, no parenthesis, and no periods.
International phone number formatting delivers a safe and effective way to store phone number data.
Finally, An End to Phone Number Formatting HeadachesPhone number formatting might seem like a small issue.",163,82,81,20,0,0,1,9,11,1,0,1,241,136,5,[],"['212-456-7890', '(212)-456-7890', '212.456.7890', '212 456 7890', '212.456.7890', '212-456-7890', '212-456-7890', '212-456-7890', '212-456-7890', '212-456-7890', '212-456-7890', '212-456-7890', '(212) 456-7890', '(212) 567-8901', '(800) 555-1212', '212-456-7890']","{'linkedin': 'https://www.linkedin.com/company/insycle', 'facebook': 'https://www.facebook.com/insycle/', 'twitter': 'https://twitter.com/insycle', 'instagram': 'https://www.instagram.com/insycle/'}",,,,"{'versions': [], 'categories': ['CDN']}","['https://www.insycle.com/', 'https://www.insycle.com/why-insycle/', 'https://www.insycle.com/hubspot/', 'https://www.insycle.com/hubspot/deduplication/', 'https://www.insycle.com/hubspot/account-based-marketing-abm/', 'https://www.insycle.com/hubspot/hubspot-salesforce-sync/', 'https://www.insycle.com/hubspot/standardize/', 'https://www.insycle.com/hubspot/cleanse/', 'https://www.insycle.com/hubspot/import/', 'https://www.insycle.com/hubspot/associations/', 'https://www.insycle.com/hubspot/workflows/', 'https://www.insycle.com/intercom/', 'https://www.insycle.com/intercom/deduplication/', 'https://www.insycle.com/mailchimp/', 'https://www.insycle.com/mailchimp/deduplication/', 'https://www.insycle.com/marketo/', 'https://www.insycle.com/pipedrive/', 'https://www.insycle.com/pipedrive/deduplication/', 'https://www.insycle.com/salesforce/', 'https://www.insycle.com/salesforce/deduplication/', 'https://www.insycle.com/salesforce/associations/', 'https://www.insycle.com/salesforce/standardize/', 'https://www.insycle.com/salesforce/import/', 'https://www.insycle.com/salesforce/cleanse/', 'https://www.insycle.com/yext/', 'https://www.insycle.com/zendesk/', 'https://www.insycle.com/crm-data-grader/', 'https://www.insycle.com/pricing/', 'https://www.insycle.com/login/', 'https://www.insycle.com/getstarted/', 'https://www.insycle.com/crm-data-grader/', 'https://www.binomialsur.com/', 'https://support.twilio.com/hc/en-us/articles/223183008-Formatting-International-Phone-Numbers', 'https://support.twilio.com/hc/en-us/articles/223183008-Formatting-International-Phone-Numbers', 'https://cta-redirect.hubspot.com/cta/redirect/4561911/17e3bcb4-60ce-4942-a3e7-8932bce495da', 'https://www.insycle.com/salesforce', 'https://help.salesforce.com/articleView?id=000330422&language=en_US&type=1&mode=1', 'https://www.insycle.com/hubspot', 'https://www.binomialsur.com/', 'https://www.linkedin.com/shareArticle?mini=true&url=https://blog.insycle.com/phone-number-formatting-crm&title=Why%20You%20Should%20Care%20About%20Phone%20Number%20Formatting%20In%20Your%20CRM%20(and%20How%20to%20Fix%20Them)', 'http://www.facebook.com/sharer/sharer.php?u=https://blog.insycle.com/phone-number-formatting-crm', 'https://twitter.com/intent/tweet?text=Why%20You%20Should%20Care%20About%20Phone%20Number%20Formatting%20In%20Your%20CRM%20(and%20How%20to%20Fix%20Them)+https://blog.insycle.com/phone-number-formatting-crm', 'http://pinterest.com/pin/create/button/?url=https://blog.insycle.com/phone-number-formatting-crm', 'https://plus.google.com/share?url=https://blog.insycle.com/phone-number-formatting-crm', 'https://www.insycle.com/', 'https://www.insycle.com/why-insycle/', 'https://www.insycle.com/customer-data-health-assessment/', 'https://www.insycle.com/company/', 'https://www.insycle.com/press/', 'https://www.insycle.com/pricing/', 'https://www.insycle.com/agencies/', 'https://www.insycle.com/login/', 'https://www.insycle.com/getstarted/', 'https://www.insycle.com/covid-relief-initiatives/', 'https://www.insycle.com/video/', 'https://support.insycle.com/', 'https://www.g2.com/products/insycle/reviews', 'https://www.insycle.com/hubspot/', 'https://www.insycle.com/intercom/', 'https://www.insycle.com/mailchimp/', 'https://www.insycle.com/marketo/', 'https://www.insycle.com/pipedrive/', 'https://www.insycle.com/salesforce/', 'https://www.insycle.com/yext/', 'https://www.insycle.com/zendesk/', 'https://www.insycle.com/privacy-policy/', 'https://www.insycle.com/terms-of-service/', 'https://www.insycle.com/security/', 'https://www.insycle.com/dpa/', 'https://www.insycle.com/acceptable-use/', 'https://www.insycle.com/transparencyreport/', 'https://www.insycle.com/subprocessors/', 'https://www.g2.com/products/insycle/reviews?utm_source=rewards-badge', 'https://www.g2.com/products/insycle/reviews?utm_source=rewards-badge', 'https://www.insycle.com/contact/', 'https://forms.gle/GuVTeMf6U4qHE15Z6', 'https://www.linkedin.com/company/insycle', 'https://twitter.com/insycle', 'https://www.instagram.com/insycle/', 'https://www.facebook.com/insycle/', 'https://www.insycle.com/cookies/', 'https://www.g2.com/products/insycle/reviews?utm_source=rewards-badge']","['javascript:;', 'https://blog.insycle.com', 'https://blog.insycle.com/tag/cleanse-data', 'https://blog.insycle.com/tag/standardize-data', 'https://blog.insycle.com/archive/2024/03', 'https://blog.insycle.com/archive/2023/06', 'https://blog.insycle.com/archive/2021/02', 'https://blog.insycle.com/tag/hubspot', 'https://blog.insycle.com/tag/featured', 'https://blog.insycle.com/tag/deduplication', 'https://blog.insycle.com/tag/salesforce', 'https://blog.insycle.com/tag/associations', 'https://blog.insycle.com/tag/data-operations', 'https://blog.insycle.com/tag/data-management', 'https://blog.insycle.com/tag/standardize-data', 'https://blog.insycle.com/tag/cleanse-data', 'https://blog.insycle.com/tag/automation', 'https://blog.insycle.com/tag/integrations', 'https://blog.insycle.com/tag/strategy', 'https://blog.insycle.com/tag/case-studies', 'https://blog.insycle.com/tag/tools', 'https://blog.insycle.com/tag/parent-child-companies', 'https://blog.insycle.com/tag/data-quality', 'https://blog.insycle.com/tag/hubspot-salesforce-sync', 'https://blog.insycle.com/tag/import-and-csvs', 'https://blog.insycle.com/tag/lead-to-account-matching', 'https://blog.insycle.com/tag/marketing-agencies', 'https://blog.insycle.com/tag/revenue-operations', 'https://blog.insycle.com/tag/routing-assignments', 'https://blog.insycle.com/tag/data-health-assessment', 'https://blog.insycle.com/tag/data-privacy', 'https://blog.insycle.com/tag/mailchimp', 'https://blog.insycle.com/tag/pipedrive', 'https://blog.insycle.com/tag/intercom', 'https://blog.insycle.com/phone-number-formatting-crm', 'https://blog.insycle.com/phone-number-formatting-crm#anatomy', 'https://blog.insycle.com/phone-number-formatting-crm#E164', 'https://blog.insycle.com/phone-number-formatting-crm#CRM-handles-formatting', 'https://blog.insycle.com/phone-number-formatting-crm#impact-poorly-formatted', 'https://blog.insycle.com/phone-number-formatting-crm#duplicate-records', 'https://blog.insycle.com/phone-number-formatting-crm#usability', 'https://blog.insycle.com/phone-number-formatting-crm#insycle-standardization', 'https://blog.insycle.com/phone-number-formatting-crm#case-study', 'https://blog.insycle.com/phone-number-formatting-crm#conclusion', 'https://blog.insycle.com/hs/cta/wi/redirect?encryptedPayload=AVxigLKWCs45uyb%2BwvXOCtV2ZTOYPCpYf4qMC2PBxBT26Mv9hpgGyw4uxozkSja6JtOgTnnijHuH18%2F1wYHgloZ4OF03U9XfE%2BbYnGRHVVwwYSJSj2H5SjCzqmuhgVPLweSfpiBTLJEK%2FSxNtJF%2F3AnlpKAuvpWPKyeF1OrDBhRe9yCqw9tA%2B%2B87PeCXqHcs1jysS9vVkAGyBThWdfbfO0BTVBl9rdm%2BQByqZRNe0YeLw2OQpnFZCNqEEDuqDUnHlZoxpcz2vb7o8hXiEr%2BKPZffAY6DNJQbrk%2BNRHMsbUbapdlwajd%2FXhesDQvWUhYAI9Z%2B5DzEEjxlOwLa1z8nUOtYRNWKEPkbfA%3D%3D&webInteractiveContentId=156299984056&portalId=4561911&hsLang=en', 'https://blog.insycle.com/hubspot-salesforce-integration-syncing-merging-duplicates?hsLang=en', 'https://blog.insycle.com/crm-data-maintenance?hsLang=en', 'https://blog.insycle.com/transform-data-functions?hsLang=en', 'https://blog.insycle.com/hidden-advanced-customer-duplicate?hsLang=en', 'https://blog.insycle.com/customer-stories-james-marshall-kitchen-magic?hsLang=en', 'https://blog.insycle.com/tag/cleanse-data', 'https://blog.insycle.com/tag/standardize-data', 'mailto:?body=https://blog.insycle.com/phone-number-formatting-crm', 'https://blog.insycle.com/', 'javascript:void(0);', 'javascript:void(0);', 'https://blog.insycle.com/crm-data-maintenance', 'https://blog.insycle.com/four-phases-of-customer-data-management-evolution', 'https://blog.insycle.com/reasons-insycle-improve-your-customer-data-management', 'https://blog.insycle.com/data-management-recipes', 'https://blog.insycle.com/effective-customer-segmentation', 'https://blog.insycle.com/data-health-assessment-business-objectives', 'https://blog.insycle.com/crm-data-health-assessment-tool', 'https://blog.insycle.com/crm-data-cleaning', 'https://blog.insycle.com/hubspot-data-quality', 'https://blog.insycle.com/phone-number-formatting-crm', 'https://blog.insycle.com/data-standardization', 'https://blog.insycle.com/best-practices-salesforce-data-cleansing', 'https://blog.insycle.com/fix-state-country-fields-break-hubspot-and-salesforce-sync', 'https://blog.insycle.com/transform-data-functions', 'https://blog.insycle.com/bulk-updating-crm-data-without-using-excel', 'https://blog.insycle.com/share-export-crm-data', 'https://blog.insycle.com/hubspot-import-contacts', 'https://blog.insycle.com/improperly-associated-contacts-companies-in-your-crm', 'https://blog.insycle.com/data-collaboration', 'https://blog.insycle.com/hubspot-salesforce-integration-syncing-merging-duplicates', 'https://blog.insycle.com/common-problems-hubspot-salesforce-integration', 'https://blog.insycle.com/customer-stories-james-marshall-kitchen-magic', 'https://blog.insycle.com/hubspot-workflow-integration-case-study-quickattach', 'https://blog.insycle.com/data-scrubbing', 'https://blog.insycle.com/the-ultimate-crm-data-cleanup-checklist']",,,,,"{'versions': ['1.7.1'], 'categories': ['JavaScript libraries']}",,,,,,"{'versions': [], 'categories': ['Tag managers']}",,,,"{'versions': [], 'categories': ['JavaScript frameworks']}","{'versions': [], 'categories': ['Marketing automation']}","{'versions': [], 'categories': ['Widgets']}"
